filename,summary
Aorta-follow-up.pdf,"The PDF titled ""Aorta Follow-Up"" outlines a detailed protocol for conducting echocardiograms to assess aortic size and potential aneurysms. Here are the key insights:

### Main Topics:

1. **Inclusion Criteria**: 
   - Adults requiring an echocardiogram to evaluate aortic size.
   - Prior echocardiogram must have been performed within the last two years.

2. **Echocardiogram Procedure**:
   - The protocol includes specific procedural components such as 2D imaging, Color Flow Doppler, and Doppler.
   - The echocardiogram aims to assess the thoracic aorta and includes serial studies for monitoring changes.

3. **Measurements and Assessments**:
   - Various parameters must be obtained during the echocardiogram, including:
     - Left Ventricular Ejection Fraction (LV EF) and Regional Wall Motion Abnormality (RWMA).
     - Ascending Aorta measurements and other relevant cardiac structures.
     - Additional imaging if significant pathology was noted in previous exams.
   
4. **Caveats and Recommendations**:
   - Guidelines advise conducting a comprehensive assessment if moderate aortic regurgitation is detected.
   - Echo lab standards must be followed consistently for all measurements.
   - All incidental findings should be discussed with the interpreting consultant.

Overall, the document serves as a standardized guide for performing and documenting echocardiograms in patients with concerns regarding aortic size and related pathologies."
HCM.pdf,"The document titled ""HCM"" focuses on the protocol for assessing Hypertrophic Cardiomyopathy (HCM), detailing specific procedures and recommendations for evaluation. Here are the key insights and main topics extracted from the PDF:

### Main Topics:
1. **Inclusion Criteria**: Identification of patients with suspected or confirmed HCM/HOCM (Hypertrophic Obstructive Cardiomyopathy).
   
2. **Echocardiographic Procedures**:
   - Use of various imaging techniques: 2-D, Color Flow Doppler, and Strain Imaging.
   - Detailed instructions for echocardiographic evaluations including the use of Amyl Nitrite and IV contrast.

3. **Data Collection**:
   - Emphasis on obtaining relevant data based on the timing of the last echocardiogram (greater or less than two years).

4. **Measurement Protocols**:
   - Specific measurements to be made during echocardiography, including:
     - Left ventricular wall thickness (LV max wall thickness).
     - SAM (systolic anterior motion) analysis.
     - Assessment of mitral regurgitation (MR) jet direction and velocity.
     - LV outflow tract obstruction (LVOT) evaluation procedures.

5. **Caveats and Tips**:
   - Guidelines for improving image quality and accuracy, such as using contrast for better endocardial border definition and specific methods for evaluating LV obstruction.

6. **LV Strain Analysis**: 
   - Suggestions on when to perform LV strain assessments, specifically for first-time evaluations and in cases of suspected or familial HCM.

### Summary of Insights:
- The protocol provides a comprehensive framework for the echocardiographic evaluation of HCM, emphasizing observational details that enhance diagnostic accuracy.
- It offers clear guidelines on how to systematically assess patients suspected of having HCM, including procedural steps and considerations unique to this cardiovascular condition.
- Recommendations include various methods to provoke LV obstruction to ensure accurate diagnostic outcomes, making sure that subsequent actions are based on the patient's specific circumstances.

Overall, the document serves as a clinical guide to improve the diagnosis and management of Hypertrophic Cardiomyopathy through standardized echocardiographic techniques."
Tricuspid-Regurgitation-Focused-Imaging.pdf,"The document ""Tricuspid-Regurgitation-Focused-Imaging"" outlines a protocol aimed at guiding the acquisition and analysis of echocardiographic images in patients with significant tricuspid regurgitation. Here are the key insights:

### Main Topics
1. **Patient Inclusion Criteria**: Focuses on individuals with moderately-severe or greater tricuspid regurgitation.
  
2. **Echocardiographic Measurement Techniques**:
   - **2D CFI Doppler Measurement**: Includes both parasternal and apical views, emphasizing additional techniques such as:
     - 3D RV volume measurement and 2D strain assessment.
   - **Full TR Assessment**: Recommendations on qualitative and quantitative assessments, including:
     - Color flow jet area.
     - Vena contracta diameter.
     - Continuous wave (CW) Doppler TR velocity.
     - PISA (Proximal Isovelocity Surface Area) assessment.
  
3. **Right Ventricular (RV) Analysis**:
   - Emphasizes 3D volume and Right Ventricular Ejection Fraction (RVEF).
   - Suggested 2D measurements including RV diameter at various sites and RV area and strain parameters.

4. **Right Atrial (RA) Assessment**: Utilizes monoplane Simpson’s method.

5. **Caveats and Tips**: 
   - Provides guidance on acquiring an RV-focused view for measurements.
   - Advises against the use of para-apical views for RV measurements.
   - Stresses the importance of optimizing visualization of the RV wall and ensuring proper patient positioning during imaging.

The document serves as a comprehensive guide for clinicians to improve the accuracy of echocardiographic assessments in patients with tricuspid regurgitation and to better inform patient management【4:0†source】."
Pericardiocentesis-follow-up.pdf,"It appears there was an issue accessing the content of the uploaded PDF. Please try uploading the file again, and I'll assist you with parsing and summarizing the content."
AV-Optimization.pdf,"It appears that the searches are returning no results, indicating potential limitations in the text extraction capabilities for this particular PDF. Without direct text responses or visible content, I am unable to summarize the key insights or topics from the document.

If you can provide any specific topics or sections you want to focus on, or if there are particular aspects of the PDF that you think might help in retrieving the insights, please let me know!"
"LAA-Occlusion-Device,-status-post.pdf","It appears that I was unable to find any content in the PDF you uploaded. Please check the file to ensure it contains text or data that can be parsed. If you have any specific parts of the document you'd like me to look into or if you can provide more guidance, feel free to let me know!"
cptee.WatchmanTEE-Baseline-preprocedure.pdf,"The document titled **""TEE prior to (as part of the evaluation for) LAA closure (e.g. WATCHMAN device)""** by G. Kane outlines the essential aspects of transesophageal echocardiography (TEE) prior to the implantation of a WATCHMAN device for left atrial appendage (LAA) closure. Below are the key insights extracted from the content:

### Main Topics
1. **Goals of TEE**:
   - Confirm LAA anatomy for device implantation.
   - Determine device size based on measurements.
   - Exclude various cardiac conditions such as intracardiac thrombus, significant pericardial effusion, and more.

2. **LAA Anatomy**:
   - Divided into three segments: ostium, neck, and lobar region.
   - Detailed descriptions of dimensions and imaging requirements for optimal evaluation.

3. **Imaging Requirements**:
   - 2D and 3D imaging specifications for LAA assessment. 
   - Proper angles for measurements: images should be captured at 0, 45, 90, and 135 degrees.
   - Use of color Doppler and pulsed wave Doppler to assess blood flow within the LAA.

4. **Device Specifications**:
   - Details on the size and measurement criteria for the WATCHMAN device.
   - Guidelines for measuring the landing zone to ensure appropriate device selection.

### Summary of Guidelines
- **Measurements**: Obtain maximal ostium and lobar dimensions during end ventricular systole. Use specific views and angles to optimize visibility.
- **Device Sizing**: Landing zone measurements should be 17-31 mm, with device selection being 2-4 mm larger than the largest measured diameter.
- **Assessment Techniques**: Incorporate various imaging techniques, including echo contrast, to differentiate structural features.

This summary encapsulates the comprehensive guidelines for TEE evaluations related to LAA closure, providing valuable protocols for healthcare professionals involved in such procedures【4:0†source】."
Pericardial-Disease.pdf,"The provided document is a protocol for managing pericardial disease, specifically focusing on various conditions such as constrictive pericarditis, pericarditis, and assessments related to cardiac tamponade. Below are the key insights and main topics summarized from the content:

### Main Topics:
1. **Inclusion Criteria for Patient Referral:**
   - Conditions include constriction, constrictive pericarditis, and follow-up after procedures like pericardiocentesis.
   - Specific assessments for patients in heart failure post-cardiac surgery.

2. **Echocardiography Protocol:**
   - Detailed instructions on performing echocardiographic studies.
   - Types of procedures involved include 2D echocardiography, Doppler studies, color flow imaging, and myocardial strain evaluations.

3. **Findings and Diagnosis:**
   - Documentation of findings should specify that the echo was performed under the pericardial disease protocol.
   - Billing diagnosis options include constrictive pericarditis or typical symptoms like shortness of breath (SOB) and congestive heart failure (CHF).

4. **Technical Components:**
   - A step-by-step outline for performing echocardiogram elements (standard TTE, LV strain, RV free wall strain, etc.).
   - Emphasis on obtaining quality measurements and the need for specific views (apical, parasternal, subcostal).

5. **Strain Analysis:**
   - Explanation of strain patterns specific to constrictive pericarditis.
   - Guidelines for interpreting regional strain abnormalities suggest trends in both LV and RV walls.

6. **Caveats and Tips:**
   - Recommendations for follow-up examinations and tips for successfully capturing quality tracings.
   - Insights on measuring tissue Doppler velocities and considerations for strain assessments on segments.

The document serves as a clinical guide for healthcare professionals to evaluate and manage patients with pericardial diseases effectively, ensuring adherence to established protocols while also maximizing diagnostic accuracy through echocardiographic methodologies."
Amyloidosis.pdf,"The PDF titled ""Amyloidosis"" primarily focuses on the clinical aspects and protocols related to cardiac amyloidosis. Here are the key insights and main topics extracted from the content:

1. **Definition and Overview**:
   - Cardiac amyloidosis is characterized by the deposition of abnormal proteins in the heart, leading to various cardiac manifestations.

2. **Clinical Manifestations**:
   - Notable symptoms include thickened echogenic walls, pericardial effusion, diastolic dysfunction, systolic dysfunction, low cardiac output, arrhythmias, and an apical sparing strain pattern.

3. **Inclusion Criteria for Study**:
   - A diagnosis of amyloidosis must be confirmed via echocardiogram at Mayo Clinic or based on indications for studies involving amyloid or multiple myeloma.

4. **Echocardiographic Protocols**:
   - Detailed protocols for echocardiographic assessments include the use of 2-D imaging, Color Flow Doppler, TDI (Tissue Doppler Imaging), and strain imaging.
   - Procedures and billing codes related to amyloidosis evaluations are outlined, including considerations for previous echocardiograms.

5. **Recommendations for Follow-up Studies**:
   - Guidelines are provided for what evaluations to perform based on the time since the last echocardiogram. If the last echo was over 2 years ago, a full echo along with longitudinal strain measurements is recommended. If less than 2 years, a limited LV Function Protocol should be followed.

6. **Technical Considerations**:
   - Emphasis is placed on acquiring apical views with consistent depth, width, and frame rates for accurate speckle tracking.
   - Additional assessments may be necessary for diastolic evaluations, and comprehensive measures should be taken if Doppler indicates worsening conditions.

Overall, the document serves as a detailed guide for healthcare providers in the assessment and management of cardiac amyloidosis, emphasizing the importance of echocardiographic techniques and follow-up protocols."
Left-Ventricular-Assist-Device.pdf,"The PDF document titled ""PROTOCOL: LEFT VENTRICULAR ASSIST DEVICE"" provides an in-depth protocol for echocardiographic assessment of patients with Left Ventricular Assist Devices (LVAD). Here are the key insights and main topics from the content:

### Main Topics

1. **Inclusion Criteria**: 
   - The protocol outlines that the primary focus is on patients who have received an LVAD.

2. **Echocardiographic Procedure Components**:
   - The use of various echocardiographic modalities including 2-D imaging, Color Flow Doppler, Doppler, and M-Mode for comprehensive cardiac assessment.

3. **Parameters to Assess**:
   - Key metrics include Left Ventricular Ejection Fraction (LV EF), Regional Wall Motion Abnormalities (RWMA), right ventricular function, inflow and outflow cannula assessments, and aorto-ventricular connections. 

4. **Procedure Details**:
   - A procedural checklist is provided that specifies which ultrasonic views to obtain (e.g., parasternal, apical) and the required measurements such as tricuspid regurgitation (TR) velocity and Right Ventricular Outflow Tract (RVOT) diameter.

5. **Recommendations and Tips**:
   - Recommendations for protocol adherence, especially regarding pump speed changes during echocardiography, and the need for an echo consultant alongside a member from the VAD team.

6. **Caveats and Warnings**:
   - Emphasis on the importance of accurate echocardiographic data and the risks of reporting phantom data, alongside methods to adjust Doppler settings to enhance data quality.

### Summary of Extracted Text and Insights

- Emphasis on obtaining anatomical details such as the placement of the outflow cannula and patient-reported device types and pump speeds.
- Guidelines regarding Doppler measurements are highlighted to specify that systolic velocities should exceed diastolic velocities, particularly for both inflow and outflow cannulas.
- Mention of potential challenges, such as mitral inflow contamination, necessitating careful Doppler technique selection.
- A note regarding the HeartMate 3 device, indicating its unique pulse algorithm affecting flow measurements.

This protocol provides vital information for clinicians conducting echocardiographic evaluations on patients with LVAD, ensuring accurate and effective assessments during routine monitoring and treatment planning."
Chemotherapy-&-Recent-Chest-Radiation.pdf,"The PDF document titled ""Chemotherapy & Recent Chest Radiation"" outlines a protocol regarding the assessment of left ventricular function in oncology patients undergoing chemotherapy or chest radiation. Here are the key insights extracted from the document:

### Main Topics
1. **Inclusion Criteria**:
   - Echocardiograms must specifically request strain imaging for oncology patients.
   - Criteria are set for patients (e.g., breast cancer, lymphoma, sarcoma) before or within three years of receiving potentially cardiotoxic treatments.

2. **EIMS Data**:
   - Details about various echocardiogram procedures are provided, including 2-D, 3-D, Doppler, and strain imaging.
   - General monitoring approach for patients undergoing chemotherapy with respect to their heart health.

3. **Procedure Guidelines**:
   - Different echocardiogram procedures and requirements based on time since the last exam and results from prior echocardiograms (full or limited).
   - A table outlines specific echocardiographic measures to take based on the time since the last echocardiogram.

4. **Caveats and Recommendations**:
   - Guidelines for when to consult cardio-oncology based on specific thresholds of left ventricular ejection fraction (LVEF) and global longitudinal strain (GLS) changes.
   - Recommendations for additional measurements if certain values are exceeded (e.g., RVSP > 55 mmHg).

### Summary of Protocol Components
- **Echocardiogram Procedure Types**: Differentiates between full and limited echocardiograms and specific measurement techniques.
- **Monitoring**: Emphasizes the importance of routine monitoring for patients receiving chemo or radiation therapy.
- **Consult Recommendations**: Guidelines on when to refer patients for specialist consultation based on echocardiographic findings.

The document focuses on the importance of thorough cardiac monitoring in oncology patients to prevent long-term complications associated with chemotherapy and radiation therapy【4:0†source】."
SOLVE-CRT-Echo-considerations.pdf,"The document titled ""Low Power (Low MI) Echocardiographic Protocol for WiSETM-CRT"" provides guidelines and insights regarding the echocardiographic protocol for patients with a WiSETM Cardiac Resynchronization Therapy (CRT) system. Here are the key insights and summaries from the content:

### Main Topics:
1. **Echocardiographic Protocol**:
   - Recommended steps for echocardiographic procedures for patients with apical LV (Left Ventricular) electrode implants.
   - Importance of reducing the mechanical index (MI) setting to minimize the risk of echo-induced extra stimulations during imaging.

2. **Risks and Safety Considerations**:
   - Identification of risk factors for extra stimulations during echocardiography, particularly in patients with the WiSETM CRT device.
   - Conditions under which echocardiographic imaging should be modified or halted to prevent complications.

3. **Patient Monitoring**:
   - Emphasis on monitoring for premature ventricular contractions (PVCs) during echocardiography, which may indicate echo-induced disturbances.

### Key Points on Risk Factors:
- Apical positioning of electrodes.
- Recent implantation of the electrode.
- Close proximity of echo probe during imaging.
- Use of high power settings and low frequency ultrasound.
- Patients with a thinner body habitus.

### Recommendations:
- If previous echo-induced arrhythmias were noted, utilize the suggested low power echo imaging protocol.
- Know the exact location of the LV endocardial implant to prevent complications, particularly with CW (Continuous Wave) Doppler imaging, which should be used cautiously.

The document guides healthcare professionals in safely performing echocardiograms on patients with specific cardiac devices, highlighting protocols aimed at minimizing risk and ensuring patient safety."
Dismissal-Echo.pdf,"The document titled ""Dismissal-Echo"" outlines the protocol for conducting echocardiograms for patients status post-cardiac surgery. Here are the key insights and main topics extracted from the content:

### Main Topics
1. **Inclusion Criteria**: 
   - Specifies dismissal echo requests for patients post-cardiac surgery, excluding non-dismissal study types.
   - Advises consultation with the ACS or interpreting physician when uncertain about the echo's dismissal purpose.

2. **EIMS Data**:
   - Details on procedure components including 2-D, Color Flow Doppler, and Doppler studies.
   - Describes coded referral diagnosis based on surgical procedure type and the necessity of removing serial studies that are no longer applicable.
   - Lists findings expected in the echocardiogram, focusing on the surgery type and related findings.

3. **LV Function Protocol**:
   - Detailed protocol for various surgical interventions, specifying echo views needed for assessment:
     - Aortic Valve Replacement (AVR) and Transcatheter Aortic Valve Replacement (TAVR)
     - Device closure for periprosthetic Aortic Regurgitation (AR) and Mitral Regurgitation (MR)
     - Repair or replacement protocols for Mitral Valve (MV) and Tricuspid Valve (TV)
     - Specific views for CABG and ascending aorta replacement

4. **Caveats and Tips**:
   - Notes on excluding LV tissue Doppler but maintaining mitral inflow, visual assessment of aortic structures, and providing assistance when needed.
   - Tips for optimal patient positioning during the echocardiogram.

This summary encapsulates the structured approach and detailed requirements for performing dismissal echocardiograms, focusing on various surgical contexts and procedural nuances essential for medical professionals involved in cardiac care."
Carcinoid.pdf,"The PDF document titled ""Carcinoid Heart Disease"" provides a protocol focusing on the relationship between carcinoid syndrome and cardiac manifestations. Here are the key insights:

### Main Topics:
1. **Carcinoid Syndrome and Heart Disease**:
   - Carcinoid syndrome arises from primary carcinoid tumors and metastases that release serotonin, affecting cardiac health.
   - Carcinoid heart disease manifests in more than 20% of patients with carcinoid syndrome, primarily affecting the right heart valves, leading to thickening and retraction, which can create conditions like stenosis and regurgitation.

2. **Inclusion Criteria for Screening**:
   - Patients with known carcinoid tumors are referred for screening for carcinoid heart disease.

3. **Echocardiographic Procedure**:
   - The document outlines the echocardiographic protocol for assessing carcinoid heart disease, detailing the components and procedures involved:
     - 2-D echo, Doppler echocardiography, Color Flow Imaging (CFI), Tissue Doppler Imaging (TDI), and optional 3D imaging with intravenous agitated saline.
   - **Initial Assessments**:
     - Essential procedures include standard transthoracic echocardiography (TTE) and shunt studies to evaluate both right and left atrial functions.

4. **Detailed Measurement Parameters**:
   - Various specifications for Doppler measurements and echocardiographic views are provided, including:
     - Measurements of the right ventricle and relevant valvular assessments (Pulmonary Valve, Mitral Valve, etc.).
     - Use of color Doppler and continuous wave (CW) Doppler to measure gradients and velocities across valves.

5. **Imaging Guidelines**:
   - Emphasis on detailed imaging for accurate assessment, with guidelines for the evaluation of right ventricular size, function, and the use of 3D imaging when applicable.

### Key Points:
- The protocol stresses the importance of obtaining high-quality images for accurate diagnosis and management of carcinoid heart disease.
- It includes specific recommendations on how to optimize echocardiographic views, particularly concerning the pulmonary valve and right ventricle.

Overall, the document serves as a comprehensive guideline for healthcare professionals involved in diagnosing and managing carcinoid heart disease, emphasizing the critical role of echocardiography in this patient population【4:0†source】."
WatchmanTEE-follow-up.pdf,"The PDF titled ""Follow-up TEE after WATCHMAN device deployment"" by G. Kane discusses the procedures and considerations for follow-up transesophageal echocardiogram (TEE) assessments in patients who have received a WATCHMAN device. Here are the key insights extracted from the document:

### Main Topics
1. **Assessment Goals**:
   - Evaluating the presence or absence of residual Left Atrial Appendage (LAA) flow around the WATCHMAN device.
   - Checking for residual atrial septal shunts.
   - Confirming the proper position of the device.
   - Assessing for the presence of thrombus on the WATCHMAN device itself.

2. **Evaluation Techniques**:
   - Usage of echo contrast to differentiate between various blood flows and tissue around the device.
   - Employing color Doppler assessments to evaluate the seal of the device, with specific imaging techniques detailed.

3. **Imaging Recommendations**:
   - Image acquisition should include:
     - 2D views from multiple perspectives (4-chamber, 2-chamber, 3-chamber).
     - Focused imaging of the LAA device at various angles (0°, 45°, 90°, 135°) to ensure optimal visualization.
     - Color Doppler imaging to identify any residual flow and ascertain the quality of the device seal.

4. **Common Procedures**:
   - Instructions on how to perform color Doppler assessments, including sweeps from 0° to 180° to fully visualize device placement.
   - Specific steps for capturing high-quality images, including adjusting probe depth and angles.

5. **Thrombus Differentiation**:
   - Recommendations for using echo contrast to distinguish between thrombus and pectinate muscle, aiding in accurate assessments.

### Conclusion
The document provides a comprehensive guide for conducting follow-up TEE examinations in patients with a WATCHMAN device, emphasizing the importance of thorough imaging and assessment techniques to ensure successful outcomes and monitor for any complications such as device leaks or thrombus formation."
2103-Congenital-TEE-Protocol.pdf,"The PDF document titled ""Congenital Transesophageal Echocardiography Protocol"" outlines the procedures for conducting transesophageal echocardiograms (TEE), particularly for congenital heart disease. Here’s a summary of the main topics and key insights:

### Main Topics

1. **Purpose and Principle**:
   - The protocol primarily focuses on intra-operative TEE conducted in operating rooms to assess congenital heart disease and surgical repair.

2. **Indications**:
   - Intraoperative assessment (pre and post-operative) for congenital heart repairs, valve repairs, valve replacements, myectomy for hypertrophic cardiomyopathy, and unstable hemodynamics.
   - Routine assessments both inpatient and outpatient, particularly for valve evaluations.

3. **Contraindications**:
   - Certain esophageal conditions (e.g., strictures, ulcers, cancers) are discussed as relative contraindications where further investigation may be needed.

4. **Medication Guidelines**:
   - Detailed mention of anesthesia and sedation protocols, including the use of topical anesthetics, Fentanyl, Versed, and other medications as needed.

5. **Procedural Protocols**:
   - Instructions on the administration of anesthesia, placement of the probe, and obtaining various imaging planes of the heart, focusing on the right and left atria, ventricles, and valves.
   - Emphasis on obtaining standard views which include multiple imaging planes, Doppler evaluations, and special views depending on the congenital condition.

6. **Post-Procedure Care**:
   - Guidelines on monitoring post-procedure recovery, including vital signs and potential complications.

7. **Potential Complications**:
   - Risks such as sore throat, esophageal tears, gastric perforations, hypoxia, hypotension, and death are outlined.

8. **Patient Education and Consent**:
   - Discusses the importance of obtaining informed consent and providing education regarding the procedure's goals, risks, and alternatives.

### Key Insights
- The document emphasizes the critical nature of TEE in evaluating and managing congenital heart conditions, highlighting its intra-operative utility.
- There is a structured approach to assessing patient readiness for the procedure, including NPO status (nothing by mouth), obtaining consent, and ensuring monitoring throughout the procedure.
- A thorough understanding of various imaging techniques and views is highlighted as essential for accurate assessments.

The document serves as a comprehensive guideline for healthcare professionals performing congenital TEE, ensuring patient safety and the efficacy of the diagnostic process【4:0†source】."
MC-Echo-Lab-Adult-TEE-Protocol.pdf,"The PDF document titled ""MC-Echo-Lab-Adult-TEE-Protocol"" outlines the protocols for performing Transesophageal Echocardiography (TEE) at the Mayo Clinic. Here are the key insights and summarized content:

**Main Topics:**

1. **Purpose and Scope**:
   - The protocol serves as a guideline for staff conducting TEE procedures.
   - It defines minimum standards for patient assessment and procedural execution.

2. **Indications for TEE**:
   - Inadequate transthoracic echo, source of embolism, valve assessment (native and mechanical), congenital abnormalities, assessment for cardiac masses, aortic diseases, and guidance for cardiac interventions.

3. **Medications Used**:
   - Various anesthetics including topical lidocaine, IV Fentanyl®, Versed® (midazolam), Robinul® (glycopyrrolate), Romazicon® (flumazenil), and Narcan® (naloxone).
   - Mention of general anesthesia managed by an anesthesia team as needed.

4. **Procedure Guidelines**:
   - Pre-procedure assessments including verification of patient identity and vital signs.
   - Intra-procedure monitoring encompassing oxygen saturation, blood pressure, ECG, and patient comfort levels.
   - Documentation requirements during the procedure highlighting necessary echocardiographic views and Doppler sentiments.

5. **Post-Procedure Protocol**:
   - Monitoring of patient recovery, ensuring vital signs and consciousness level revert to pre-procedure status.
   - Use of the Mayo Modified Discharge Scoring tool to assess safety for discharge.
   - Requirements for responsible adult accompaniment during patient discharge.

**Clinical Considerations**:
- Specific details on imaging planes and assessments that must be obtained and documented during the procedure, including views of both atria and associated structures, as well as Doppler assessments for various heart valves.
- Recognizes that certain views may not be obtainable due to patient-specific anatomical concerns.

**Conclusion**:
The document is structured to ensure patient safety and procedural standardization across all Mayo Clinic Echocardiography Laboratories, emphasizing thorough pre-procedure, intra-procedure, and post-procedure protocols to optimize patient care and outcomes【4:2†source】."
Topical-Lidocaine-(Xylocaine®)-Administration-for-Transesophageal-Echocardiogram-Ref-doc-6.2021.pdf,"The document titled ""Topical Lidocaine (Xylocaine®) Administration for Transesophageal Echocardiogram"" provides a protocol for administering topical Lidocaine for patients undergoing a transesophageal echocardiogram or a Watchman™ procedure. Here are the key insights extracted from the content:

### Main Topics:
1. **Inclusion Criteria**: 
   - Patients undergoing a transesophageal echocardiogram.
   - Patients undergoing a Watchman™ procedure.

2. **Exclusion Criteria**: 
   - Patients with allergies to Lidocaine or similar amide-type local anesthetics (e.g., Mepivacaine, Prilocaine, Bupivacaine, Dibucaine, Etidocaine).
   - Patients weighing less than 11 kg.

3. **Medication Administration**:
   - **Lidocaine**: 5% oral ointment is to be applied. The protocol states:
     - Use 1 inch of ointment on a tongue blade and place it as far back in the mouth as possible.
     - Instruct patients to swallow any dissolved ointment.
     - After 2–3 minutes, check the patient's gag reflex. The dose may be repeated once if the gag reflex remains absent.
     - The first dose should be administered within 10 minutes of the anticipated arrival of the physician for the procedure.

### Additional Information:
The document is a reference protocol intended for both inpatient and outpatient settings and applies to adult and pediatric populations. It is authored by the Mayo Foundation for Medical Education and Research, ensuring adherence to clinical standards.

Overall, the protocol is designed to ensure patient safety and effectiveness in the administration of topical Lidocaine during specific medical procedures【4:0†source】."
LV-Function.pdf,"The document titled ""LV Function"" by E. Skroch, D. McCullough, and Dr. Kane outlines a clinical protocol for assessing left ventricular (LV) function through echocardiography. Here are the key insights:

### Main Topics:
1. **Inclusion Criteria**:
   - Focus on LV function with guidelines on the timing for full echocardiogram imaging.
   - If prior echocardiograms show significant pathology, additional imaging may be required.

2. **Echocardiography Procedure Components**:
   - Required techniques include 2D and 3D echocardiography, Color Flow Doppler, Doppler, and Tissue Doppler Imaging (TDI).

3. **Serial Studies**:
   - Documentation of prior echocardiograms, noting the date of the last full echo.

4. **Measurement Protocols**:
   - Detailed instructions for echocardiographic views (e.g., apical 4 chamber, short axis views) and specific parameters to measure (e.g., Mitral inflow, LV volumes and ejection fraction).

5. **Caveats and Tips**:
   - Recommendations for interpretation of diastolic function, assessment of regurgitation, and follow-up actions if significant changes are observed.
   - Advises on communication with consultants regarding findings.

### Recommendations for Procedure:
- Obtain specific views and measurements, and utilize biplane volumes if 3D is not achievable.
- A structured approach to evaluation is emphasized, ensuring that all relevant parameters are recorded accurately for assessment and diagnosis.

This summary captures the essence of the guidelines for professionals involved in cardiac imaging and the monitoring of LV function."
MV-Repair-follow-up.pdf,"The PDF titled ""MV-Repair-follow-up.pdf"" outlines a protocol for follow-up assessments of patients who have undergone mitral valve repair, specifically 1-3 months post-procedure, utilizing methods such as MitraClip, open heart surgery, or robotic assistance. 

Key insights from the document include:

1. **Inclusion Criteria**: 
   - Patients must be between 1-3 months after mitral valve repair.

2. **EIMS Data**:
   - The assessment includes components of echocardiography such as 2D and 3D imaging, Color Flow Doppler, and Doppler studies.
   - The study is categorized under serial studies focusing on general evaluations and mitral valve repairs.

3. **Echocardiogram Protocol**:
   - The echocardiogram follows a specific follow-up protocol and includes a range of measurements and assessments:
     - Left Ventricular Ejection Fraction (LV EF) and regional wall motion abnormalities (RWMA).
     - Right Ventricular size and function.
     - Assessment of the mitral valve across multiple views (long-axis and short-axis).
     - Measurement of the ascending aorta to rule out pericardial effusion and related complications.

4. **Clinical Measurements**:
   - Specific measurements to obtain include:
     - TR velocity (inflow).
     - Left Atrial (LA) and Left Ventricular (LV) volumes (2D or 3D).
     - Use of PISA (Proximal Isovelocity Surface Area) method if moderate or greater Mitral Regurgitation is suspected.

5. **Caveats and Tips**:
   - Important considerations are highlighted, such as viewing the ascending aorta to rule out hematoma, measuring LV outflow gradient, and assessing sizes and functions of the heart chambers as necessary from different echocardiography windows.
   - There are also recommendations for discussing incidental findings with an interpreting consultant.

This document serves as a comprehensive guide for clinicians involved in the postoperative monitoring of patients following mitral valve repair to ensure thorough evaluation and address potential complications."
MC-Echo-Lab-Adult-TTE-Protocol.pdf,"The document is titled ""Adult Comprehensive Transthoracic Echocardiography (TTE) Protocol."" It serves as a guideline for the staff at Mayo Clinic Echocardiography Laboratories for performing TTE procedures. 

### Main Topics:
1. **Purpose**:
   - To outline the minimum components of a standard transthoracic echocardiogram (TTE).
   - Additional guidelines for complete and focused exams can be accessed on the Mayo Clinic Echo Lab web page.

2. **Indications**:
   - Description of scenarios where TTE is required, detailing patient-specific considerations that may affect imaging.

3. **Standard Views and Guidelines**:
   - The protocol outlines various standard views for echocardiography, including:
     - Parasternal long axis view
     - Parasternal short axis views
     - Apical four-chamber view
     - Subcostal four-chamber view
     - Suprasternal notch view, among others.

4. **Measurements**:
   - 2D, 3D, or M-mode measurements of the left heart including:
     - Left ventricular dimensions and volumes
     - Left atrial volume index
     - Aortic and LVOT dimensions.

5. **Doppler Flow Evaluations**:
   - Evaluations of cardiac valves using color Doppler techniques.
   - Assessments for tricuspid regurgitation and diastolic function using pulsed-wave Doppler and tissue Doppler methods.
   - Specific requirements for evaluating aortic stenosis.

6. **Related Documents**:
   - References to Mayo Clinic Echocardiography Laboratory Clinical Protocols, standardized measurements, and external guidelines such as ASE Guidelines.

### Key Details:
- The protocol emphasizes flexible imaging based on patient needs and clinical questions while maintaining a methodical approach.
- Specific operational details, such as the use of contrast agents and recommendations for alternative imaging techniques when necessary, are provided.

**References** are included for further reading, primarily focusing on echocardiographic standards and guidelines from recognized authorities in the medical field, ensuring adherence to best practices【4:0†source】."
"Shunt-Study-v2-(includes-HHT,-Pre-Device-Lead-Extraction,-&-Stroke).pdf","The document ""Shunt-Study-v2-(includes-HHT,-Pre-Device-Lead-Extraction,-&-Stroke).pdf"" outlines a study protocol regarding shunt evaluation, specifically for patients with hereditary hemorrhagic telangiectasia (HHT), those undergoing pre-device lead extraction, and individuals with suspected strokes or advanced liver disease. Here are the key insights:

### Main Topics
1. **Inclusion Criteria for Shunt Studies**
   - Patients with specific conditions, such as HHT, pre-device lead extraction candidates, and cases of suspected stroke.
   - Special considerations for patients with advanced liver disease and potential hepatopulmonary syndrome.

2. **Procedure Instructions**
   - Steps for performing the Valsalva maneuver to enhance sensitivity in detecting shunts.
   - Detailed instructions for obtaining a 4-chamber view with agitated saline injections.

3. **Caveats and Tips**
   - Recommendations for enhancing sensitivity, such as multiple Valsalva maneuvers and harmonic imaging.
   - Suggestions for different patient positions to assist in specific diagnoses.

4. **Data Handling**
   - Instructions on how to process data within Epic and EIMS systems, including selecting appropriate options during the procedure.

5. **Assessment of Shunt Characteristics**
   - Guidelines on how to interpret findings from ultrasound images, including the direction of flow and the presence of microbubbles.

### Impressions and Recommendations
- Suggestions for documenting the presence and characteristics of any identified shunts, including specific notes on the nature of observed shunts and their implications for patient care.

This summary captures the core elements of the study protocol related to shunt evaluation and management for specified patient populations. The document emphasizes a structured approach to shunt assessment, detailing procedural requirements and clinical considerations."
MitraClip-Screening-TEE.FINAL.pdf,"The PDF document titled ""Screening TEE Prior to Transcatheter Mitral Edge-to-Edge Repair (TMVr, e.g. MitraClip)"" provides comprehensive guidelines and insights regarding the procedural prerequisites and anatomical assessment necessary for the MitraClip intervention.

### Key Topics:
1. **Goals of Screening TEE:**
   - Assess anatomical suitability for TMVr.
   - Exclude intra-cardiac thrombus.
   - Evaluate the atrial septum before transseptal puncture.
   - Confirm the severity of mitral regurgitation.
   - Ensure proper imaging feasibility for the procedure.

2. **Required Imaging:**
   - 3D full volume or 3D zoom of the mitral valve.
   - Continuous wave (CW) Doppler for mean diastolic gradient.
   - Spectral Doppler of all pulmonary veins.

3. **Measurements and Reporting:**
   - Mechanism of mitral regurgitation (primary, secondary, mixed).
   - Regurgitant jet locations.
   - Severity assessments and calcification presence on the mitral valve and annulus.
   - Mitral valve orifice area and mean diastolic gradient metrics, with specific thresholds identified (e.g., a baseline area <4.0 cm² indicates a high risk of mitral stenosis post-clip).

4. **Anatomic Suitability:**
   - Details on flail leaflet assessments including ideal measurements for flap gap and width.
   - Notations on leaflet perforations as contraindications to TMVr.

### Summary of Findings:
- The document emphasizes the critical nature of detailed anatomical and functional assessments prior to TMVr.
- Specific criteria are outlined for evaluating the mitral valve's physical dimensions and characteristics to predict procedural outcomes.
- A systematic approach to assessing potential complications, such as leaflet perforation and calcification, is highlighted as essential to the success of the MitraClip procedure.

This document serves as a guideline for healthcare professionals involved in performing transcatheter edge-to-edge repairs, ensuring that all necessary evaluations are conducted to optimize patient outcomes."
HCM-Mavacamten.pdf,"The PDF titled ""HCM-Mavacamten"" focuses on the prescription drug mavacamten (CAMZYOS), designated for treating adults with symptomatic NYHA class II-III obstructive hypertrophic cardiomyopathy to enhance functional capacity and alleviate symptoms. Key insights from the document include:

### Main Topics:
1. **Indications and Use**: Mavacamten is specifically indicated for adults with symptomatic obstructive hypertrophic cardiomyopathy.
2. **Monitoring Requirements**: Patients receiving mavacamten must undergo echocardiographic monitoring at specified intervals (weeks 4, 8, 12, and every 12 weeks thereafter).
3. **Inclusion Criteria**: The protocol applies to patients undergoing treatment with mavacamten whose echocardiograms are performed both prior to and continuously during the treatment.

### Protocol Details:
- **Echocardiographic Procedures**: The document outlines various echocardiographic methods such as 2-D Limited, Color Flow Doppler, Doppler Limited, and Tissue Doppler Imaging.
- **Assessments**: Key echocardiographic measurements include left ventricular function, left ventricular outflow tract (LVOT) measurements at rest and after maneuvers (Valsalva and squat-to-stand), and left atrial volume.
- **Caveats and Tips**: Guidance is provided regarding echocardiographic techniques, and specific instructions for documenting essential measurements in patient records.

Overall, the document serves as a comprehensive clinical protocol for monitoring hypertrophic cardiomyopathy patients on mavacamten therapy, emphasizing the need for precise echocardiographic evaluations throughout the treatment duration."
ECMO-Wean_V3.pdf,"The document is a protocol for the weaning of patients from VA ECMO (Venoarterial Extracorporeal Membrane Oxygenation), authored by V. Jones and Y.W. Wong, and approved in November 2023. Here are the key insights and main topics covered in the document:

### Main Topics and Insights
1. **Inclusion Criteria**: The document specifies that the study focuses on patients who are undergoing VA ECMO weaning.

2. **Echocardiogram Protocol**: The document outlines the components of echocardiography procedures related to VA ECMO weaning, including:
   - 2-D and color flow Doppler imaging.
   - Measurements concerning left ventricular (LV) function, right ventricular (RV) function, and volume metrics.

3. **Weaning Stages**: 
   - The weaning process is divided into several stages: baseline, 75%, 50%, 25%, 1L, and off.
   - Each stage requires careful documentation of ECMO flow rates and inotropic support.

4. **Predicting Outcomes**: 
   - Favorable outcomes are associated with specific echocardiographic parameters, such as LV ejection fraction (LVEF) trends, LVOT VTI (velocity time integral), and lateral mitral S' wave velocity.
   - Unfavorable outcomes are indicated by LVEF < 20%, LVOT VTI < 10 cm, and decreased RV function metrics.

5. **Caveats**: 
   - The presence of an echocardiography consultant is mandatory during the weaning process.
   - The document emphasizes the importance of consistency in measurements across serial assessments.

Overall, this protocol aims to standardize the weaning process from VA ECMO by providing a structured approach to monitoring and evaluating cardiac function throughout the procedure."
Sarcoidosis.pdf,"The document titled ""Sarcoidosis"" discusses various facets of sarcoidosis, a condition characterized by the formation of granulomas, which are tiny clusters of inflammatory cells. Here are the key insights:

### Main Topics:
1. **Cardiac Manifestations**:
   - The document outlines cardiac issues associated with sarcoidosis, including:
     - Regional wall motion abnormalities (RWMA) in non-coronary distributions.
     - Left ventricular (LV) wall thinning and aneurysms.
     - Cardiomyopathy, which can lead to both systolic and diastolic dysfunction.
     - Pulmonary hypertension (PHTN) and rhythm disorders such as second and third-degree heart block and ventricular tachycardia (VT).

2. **Inclusion Criteria**:
   - Patients who have a diagnosis of sarcoidosis affecting any organ are eligible.
   - Prospective evaluation is suggested for patients presenting with unexplained advanced rhythm abnormalities.

3. **Echocardiographic Protocol**:
   - The document details the echocardiographic procedures essential for patients with sarcoidosis:
     - Use of 2D, Doppler, Color Flow Doppler, and Strain Imaging.
     - Recommendations for serial studies based on the timing of previous echocardiograms (full echo versus limited protocol).
     - Specific echocardiographic measurements are to be obtained, such as left ventricular ejection fraction (LV EF), right ventricular (RV) function, and strain imaging.

4. **Caveats and Clinical Tips**:
   - Consider using contrast agents as needed for regional assessment.
   - Suggests performing a lung ultrasound if the right ventricular systolic pressure (RVSP) exceeds 30 mmHg.

Overall, this document serves as a clinical protocol for the management and evaluation of cardiac issues in patients with sarcoidosis, emphasizing the importance of echocardiographic assessments and specialized criteria for patient inclusion【4:0†source】."
"PFO,-status-post-device-closure.pdf","It seems that there are no readable contents or specific topics available in the PDF you uploaded. If you could provide more context or specify sections you want me to summarize, that would be helpful."
Ultrasound-Enhancement-Agent-Administration.pdf,"The document titled ""Ultrasound Enhancement Agent Administration"" from the Mayo Foundation outlines a protocol for administering ultrasound enhancement agents during echocardiography studies for adult patients. Here are the key insights and main topics covered in the document:

### Main Topics:
1. **Indications for Contrast Use**:
   - The use of ultrasound enhancement agents is indicated to enhance imaging for various cardiac assessments, such as opacifying the left ventricular chamber and assessing myocardial perfusion.

2. **Patient Screening Protocol**:
   - The screening process is divided into sections for three different contrast agents: 
     - Perflutren Protein-type A Microspheres (Optison®)
     - Sulfur Hexafluoride Lipid-type A Microspheres (Lumason™)
     - Perflutren Lipid Microsphere (Definity®)
   - Each section assesses patient eligibility based on allergies and prior reactions.

3. **Contrasts Administration Procedure**:
   - Specific administration instructions are provided for each type of contrast agent, including dosage, reconstitution, and flush protocols:
     - **Lumason™**: Requires reconstitution and allows for maximum doses up to 10 mL.
     - **Optison®**: Administered in small IV pushes, with a maximum dose of 8 mL per study.
     - **Definity®**: Standard and perfusion concentration administration protocols are detailed, including syringe pump instructions.

4. **Post-Administration Protocol**:
   - Instructions are given to discontinue intravenous access if no further testing is needed, particularly for outpatient status.

### Summary of Procedures:
- The protocol emphasizes careful screening for allergens and contraindications before administering any ultrasound contrast agents to ensure patient safety.
- Detailed procedures for reconstitution, IV administration, and follow-up care standards are crucial for optimal imaging results.

These insights summarize the procedural guidelines intended for medical staff in echocardiography labs, focusing on safe and effective administration of ultrasound enhancement agents【4:1†source】."
Ultrasound-Enhancement-Agent-Quick-Reference-Guide.pdf,"The PDF document titled ""Ultrasound-Enhancement-Agent-Quick-Reference-Guide"" serves as a protocol reference guide for the administration of ultrasound enhancement agents in echocardiography without the need for a new order in specific medical practices.

### Key Insights:
1. **Purpose**: The document outlines the procedures for administering ultrasound enhancement agents, particularly focusing on the use of contrast agents like Definity and Optison.

2. **Inclusion Criteria**: It specifies that patients who require an ultrasound enhancement agent should be identified for appropriate treatment.

3. **EIMS Data**: The document includes details on procedure components such as intravenous (IV) contrast agent administration and required documentation processes.

4. **Contrast Agents**:
   - Notes that each contrast agent must be stocked and staff trained in its use to ensure protocol adherence.
   - Emphasizes that consent must be obtained from patients and relevant allergies reviewed before administration.
   - For patients under 18, a supervising echo consultant's order is required for the use of agents.

5. **Additional Resources**: The document provides links to scripts for obtaining patient consent and reviews related to the use of contrast agents.

This guide is essential for echocardiography laboratory staff to streamline the process of administering ultrasound enhancement agents safely and effectively."
Heart-Transplant-Protocol.pdf,"The PDF titled ""Heart-Transplant-Protocol"" outlines the protocol for annual heart transplant follow-ups, detailing the inclusion criteria, procedure components, and specific measurements to be taken during echocardiograms. 

### Main Topics
1. **Inclusion Criteria**: 
   - A patient must be due for a routine yearly follow-up after a heart transplant.
   - If there are questions regarding acute rejection or if the patient presents earlier than the annual echocardiogram, additional assessments are performed.

2. **EIMS Data**: 
   - The document specifies the necessary components for echocardiography procedures, including 2-D, 3-D, Color Flow, Doppler, and M-Mode imaging.

3. **Procedure Details**:
   - The echocardiogram should be carried out per the heart transplant protocol.
   - Important measurements include left ventricular (LV) wall thickness, LV function, and LV strain.

4. **Measurements to Obtain**:
   - The document outlines various measurements required during the echocardiogram such as:
     - 2D CFI Doppler measurement
     - Gradient analysis in cases of turbulent flow
     - LV and right ventricular dimensions and areas

5. **Caveats and Tips**: 
   - Emphasizes the importance of measuring wall thickness and excluding left atrial volumes.
   - Suggests comparing current results with prior studies, particularly in the context of any detected pericardial effusion.

No tables or images requiring extraction were present in the document. The content primarily serves as a guideline for medical professionals conducting follow-ups on heart transplant patients."
cptee.WatchmanTEE-intraprocedure.pdf,It seems that I cannot directly extract insights from the PDF without specific queries. Please provide guidance on the topics or text you would like me to summarize from the document.
ASD-status-post-device-closure.pdf,"It seems that there was an issue with extracting content from the uploaded PDF. Unfortunately, I'm unable to provide a summary or insights from the document at this time. Please ensure the file is in a readable format or try uploading it again."